State,District,Population in 2001,Population in 2011
Andaman & Nicobar Islands,Nicobar,42068,36842
Andaman & Nicobar Islands,North & Middle Andaman,105613,105597
Andaman & Nicobar Islands,South Andaman,208471,238142
Andhra Pradesh,Anantapur,3640478,4081148
Andhra Pradesh,Chittoor,3745875,4174064
Andhra Pradesh,East Godavari,4901420,5154296
Andhra Pradesh,Guntur,4465144,4887813
Andhra Pradesh,Krishna,4187841,4517398
Andhra Pradesh,Kurnool,3529494,4053463
Andhra Pradesh,Prakasam,3059423,3397448
Andhra Pradesh,Srikakulam,2537593,2703114
Andhra Pradesh,Sri Potti Sriramulu Nellore,2668564,2963557
Andhra Pradesh,Visakhapatnam,3832336,4290589
Andhra Pradesh,Vizianagaram,2249254,2344474
Andhra Pradesh,West Godavari,3803517,3936966
Andhra Pradesh,Y.S.R. (Cuddapah),2601797,2882469
Arunachal Pradesh,Anjaw,18536,21167
Arunachal Pradesh,Changlang,125422,148226
Arunachal Pradesh,Dibang Valley,7272,8004
Arunachal Pradesh,East Kameng,57179,78690
Arunachal Pradesh,East Siang,87397,99214
Arunachal Pradesh,Kurung Kumey,42518,92076
Arunachal Pradesh,Lohit,124991,145726
Arunachal Pradesh,Lower Dibang Valley,50448,54080
Arunachal Pradesh,Lower Subansiri,55726,83030
Arunachal Pradesh,Papum Pare,122003,176573
Arunachal Pradesh,Tawang,38924,49977
Arunachal Pradesh,Tirap,100326,111975
Arunachal Pradesh,Upper Siang,33363,35320
Arunachal Pradesh,Upper Subansiri,55346,83448
Arunachal Pradesh,West Kameng,74599,83947
Arunachal Pradesh,West Siang,103918,112274
Assam,Baksa,857947,950075
Assam,Barpeta,1394755,1693622
Assam,Bongaigaon,612665,738804
Assam,Cachar,1444921,1736617
Assam,Chirang,433061,482162
Assam,Darrang,759858,928500
Assam,Dhemaji,571944,686133
Assam,Dhubri,1566396,1949258
Assam,Dibrugarh,1185072,1326335
Assam,Dima Hasao,188079,214102
Assam,Goalpara,822035,1008183
Assam,Golaghat,946279,1066888
Assam,Hailakandi,542872,659296
Assam,Jorhat,999221,1092256
Assam,Kamrup,1311698,1517542
Assam,Kamrup Metropolitan,1059578,1253938
Assam,Karbi Anglong,813311,956313
Assam,Karimganj,1007976,1228686
Assam,Kokrajhar,843243,887142
Assam,Lakhimpur,889010,1042137
Assam,Morigaon (Marigaon),776256,957423
Assam,Nagaon,2314629,2823768
Assam,Nalbari,689053,771639
Assam,Sivasagar,1051736,1151050
Assam,Sonitpur,1665125,1924110
Assam,Tinsukia,1150062,1327929
Assam,Udalguri,758746,831668
Bihar,Araria,2158608,2811569
Bihar,Arwal,588124,700843
Bihar,Aurangabad,2013055,2540073
Bihar,Banka,1608773,2034763
Bihar,Begusarai,2349366,2970541
Bihar,Bhagalpur,2423172,3037766
Bihar,Bhojpur,2243144,2728407
Bihar,Buxar,1402396,1706352
Bihar,Darbhanga,3295789,3937385
Bihar,Gaya,3473428,4391418
Bihar,Gopalganj,2152638,2562012
Bihar,Jamui,1398796,1760405
Bihar,Jehanabad,926191,1125313
Bihar,Kaimur (Bhabua),1275579,1626384
Bihar,Katihar,2392638,3071029
Bihar,Khagaria,1280354,1666886
Bihar,Kishanganj,1296348,1690400
Bihar,Lakhisarai,802225,1000912
Bihar,Madhepura,1526646,2001762
Bihar,Madhubani,3575281,4487379
Bihar,Munger,1137797,1367765
Bihar,Muzaffarpur,3746714,4801062
Bihar,Nalanda,2370528,2877653
Bihar,Nawada,1809696,2219146
Bihar,Pashchim Champaran (West Champaran),3043466,3935042
Bihar,Patna,4718592,5838465
Bihar,Purba Champaran (East Champaran),3939773,5099371
Bihar,Purnia,2543942,3264619
Bihar,Rohtas,2464243,2959918
Bihar,Saharsa,1508182,1900661
Bihar,Samastipur,3394793,4261566
Bihar,Saran,3248701,3951862
Bihar,Sheikhpura,525502,636342
Bihar,Sheohar,515961,656246
Bihar,Sitamarhi,2682720,3423574
Bihar,Siwan,2714349,3330464
Bihar,Supaul,1732578,2229076
Bihar,Vaishali,2718421,3495021
Chandigarh,Chandigarh,900635,1055450
Chhattisgarh,Bastar,1198067,1413199
Chhattisgarh,Bijapur,234637,255230
Chhattisgarh,Bilaspur,1998355,2663629
Chhattisgarh,Dakshin Bastar Dantewada,476119,533638
Chhattisgarh,Dhamtari,706591,799781
Chhattisgarh,Durg,2810436,3343872
Chhattisgarh,Janjgir-Champa,1317431,1619707
Chhattisgarh,Jashpur,743160,851669
Chhattisgarh,Kabirdham (Kabeerdham),584552,822526
Chhattisgarh,Korba,1011823,1206640
Chhattisgarh,Koriya,586327,658917
Chhattisgarh,Mahasamund,860257,1032754
Chhattisgarh,Narayanpur,117337,139820
Chhattisgarh,Raigarh,1265529,1493984
Chhattisgarh,Raipur,3016930,4063872
Chhattisgarh,Rajnandgaon,1283224,1537133
Chhattisgarh,Surguja,1972094,2359886
Chhattisgarh,Uttar Bastar Kanker,650934,748941
Dadra & Nagar Haveli,Dadra & Nagar Haveli,220490,343709
Daman & Diu,Daman,113989,191173
Daman & Diu,Diu,44215,52074
Delhi,Central,646385,582320
Delhi,East,1463583,1709346
Delhi,New Delhi,179112,142004
Delhi,North,781525,887978
Delhi,North East,1768061,2241624
Delhi,North West,2860869,3656539
Delhi,South,2267023,2731929
Delhi,South West,1755041,2292958
Delhi,West,2128908,2543243
Goa,North Goa,758573,818008
Goa,South Goa,589095,640537
Gujarat,Ahmadabad (Ahmedabad),5893164,7214225
Gujarat,Amreli,1393918,1514190
Gujarat,Anand,1856872,2092745
Gujarat,Banas Kantha,2504244,3120506
Gujarat,Bharuch,1370656,1551019
Gujarat,Bhavnagar,2469630,2880365
Gujarat,Dohad (Dahod),1636433,2127086
Gujarat,Gandhinagar,1237168,1391753
Gujarat,Jamnagar,1904278,2160119
Gujarat,Junagadh,2448173,2743082
Gujarat,Kachchh,1583225,2092371
Gujarat,Kheda,2037894,2299885
Gujarat,Mahesana (Mehsana),1844856,2035064
Gujarat,Narmada,514404,590297
Gujarat,Navsari,1229463,1329672
Gujarat,Panch Mahals (Panchmahal),2025277,2390776
Gujarat,Patan,1182709,1343734
Gujarat,Porbandar,536835,585449
Gujarat,Rajkot,3169881,3804558
Gujarat,Sabar Kantha,2082531,2428589
Gujarat,Surat,4275540,6081322
Gujarat,Surendranagar,1515148,1756268
Gujarat,Tapi,719634,807022
Gujarat,The Dangs,186729,228291
Gujarat,Vadodara,3641802,4165626
Gujarat,Valsad,1410553,1705678
Haryana,Ambala,1014411,1128350
Haryana,Bhiwani,1425022,1634445
Haryana,Faridabad,1365465,1809733
Haryana,Fatehabad,806158,942011
Haryana,Gurgaon,870539,1514432
Haryana,Hisar,1537117,1743931
Haryana,Jhajjar,880072,958405
Haryana,Jind,1189827,1334152
Haryana,Kaithal,946131,1074304
Haryana,Karnal,1274183,1505324
Haryana,Kurukshetra,825454,964655
Haryana,Mahendragarh,812521,922088
Haryana,Mewat,789750,1089263
Haryana,Palwal,829121,1042708
Haryana,Panchkula,468411,561293
Haryana,Panipat,967449,1205437
Haryana,Rewari,765351,900332
Haryana,Rohtak,940128,1061204
Haryana,Sirsa,1116649,1295189
Haryana,Sonipat,1279175,1450001
Haryana,Yamunanagar,1041630,1214205
Himachal Pradesh,Bilaspur,340885,381956
Himachal Pradesh,Chamba,460887,519080
Himachal Pradesh,Hamirpur,412700,454768
Himachal Pradesh,Kangra,1339030,1510075
Himachal Pradesh,Kinnaur,78334,84121
Himachal Pradesh,Kullu,381571,437903
Himachal Pradesh,Lahul & Spiti,33224,31564
Himachal Pradesh,Mandi,901344,999777
Himachal Pradesh,Shimla,722502,814010
Himachal Pradesh,Sirmaur,458593,529855
Himachal Pradesh,Solan,500557,580320
Himachal Pradesh,Una,448273,521173
Jammu & Kashmir,Anantnag,778408,1078692
Jammu & Kashmir,Badgam,607181,753745
Jammu & Kashmir,Bandipore (Bandipora),304886,392232
Jammu & Kashmir,Baramula (Baramulla),843892,1008039
Jammu & Kashmir,Doda,320256,409936
Jammu & Kashmir,Ganderbal,217907,297446
Jammu & Kashmir,Jammu,1357077,1529958
Jammu & Kashmir,Kargil,119307,140802
Jammu & Kashmir,Kathua,511455,616435
Jammu & Kashmir,Kishtwar,190843,230696
Jammu & Kashmir,Kulgam,394026,424483
Jammu & Kashmir,Kupwara,650393,870354
Jammu & Kashmir,Leh (Ladakh),117232,133487
Jammu & Kashmir,Pulwama,441275,560440
Jammu & Kashmir,Punch (Poonch),372613,476835
Jammu & Kashmir,Rajouri,483284,642415
Jammu & Kashmir,Ramban,214944,283713
Jammu & Kashmir,Reasi,247694,314667
Jammu & Kashmir,Samba,272539,318898
Jammu & Kashmir,Shupiyan (Shopian),211332,266215
Jammu & Kashmir,Srinagar,1027670,1236829
Jammu & Kashmir,Udhampur,459486,554985
Jharkhand,Bokaro,1777662,2062330
Jharkhand,Chatra,808135,1042886
Jharkhand,Deoghar,1165390,1492073
Jharkhand,Dhanbad,2397102,2684487
Jharkhand,Dumka,1106521,1321442
Jharkhand,Garhwa,1035464,1322784
Jharkhand,Giridih,1905343,2445474
Jharkhand,Godda,1047939,1313551
Jharkhand,Gumla,832447,1025213
Jharkhand,Hazaribagh,1378881,1734495
Jharkhand,Jamtara,653081,791042
Jharkhand,Khunti,434819,531885
Jharkhand,Kodarma (Koderma),540901,716259
Jharkhand,Latehar,560894,726978
Jharkhand,Lohardaga,364521,461790
Jharkhand,Pakur,701664,900422
Jharkhand,Palamu,1537465,1939869
Jharkhand,Pashchimi Singhbhum (West Singhbhum),1233945,1502338
Jharkhand,Purbi Singhbhum (East Singhbhum),1982988,2293919
Jharkhand,Ramgarh,839482,949443
Jharkhand,Ranchi,2350245,2914253
Jharkhand,Sahibganj,927770,1150567
Jharkhand,Saraikela-Kharsawan,848850,1065056
Jharkhand,Simdega,514320,599578
Karnataka,Bagalkot,1651892,1889752
Karnataka,Bangalore,6537124,9621551
Karnataka,Bangalore Rural,850968,990923
Karnataka,Belgaum,4214505,4779661
Karnataka,Bellary,2027140,2452595
Karnataka,Bidar,1502373,1703300
Karnataka,Bijapur,1806918,2177331
Karnataka,Chamarajanagar,965462,1020791
Karnataka,Chikkaballapura (Chikballapur),1149007,1255104
Karnataka,Chikmagalur (Chikkamagaluru),1140905,1137961
Karnataka,Chitradurga,1517896,1659456
Karnataka,Dakshina Kannada,1897730,2089649
Karnataka,Davanagere,1790952,1945497
Karnataka,Dharwad,1604253,1847023
Karnataka,Gadag,971835,1064570
Karnataka,Gulbarga,2174742,2566326
Karnataka,Hassan,1721669,1776421
Karnataka,Haveri,1439116,1597668
Karnataka,Kodagu,548561,554519
Karnataka,Kolar,1387062,1536401
Karnataka,Koppal,1196089,1389920
Karnataka,Mandya,1763705,1805769
Karnataka,Mysore,2641027,3001127
Karnataka,Raichur,1669762,1928812
Karnataka,Ramanagara,1030546,1082636
Karnataka,Shimoga,1642545,1752753
Karnataka,Tumkur,2584711,2678980
Karnataka,Udupi,1112243,1177361
Karnataka,Uttara Kannada,1353644,1437169
Karnataka,Yadgir,956180,1174271
Kerala,Alappuzha,2109160,2127789
Kerala,Ernakulam,3105798,3282388
Kerala,Idukki,1129221,1108974
Kerala,Kannur,2408956,2523003
Kerala,Kasaragod,1204078,1307375
Kerala,Kollam,2585208,2635375
Kerala,Kottayam,1953646,1974551
Kerala,Kozhikode,2879131,3086293
Kerala,Malappuram,3625471,4112920
Kerala,Palakkad,2617482,2809934
Kerala,Pathanamthitta,1234016,1197412
Kerala,Thiruvananthapuram,3234356,3301427
Kerala,Thrissur,2974232,3121200
Kerala,Wayanad,780619,817420
Lakshadweep,Lakshadweep,60650,64473
Madhya Pradesh,Alirajpur,610275,728999
Madhya Pradesh,Anuppur,667155,749237
Madhya Pradesh,Ashoknagar,688940,845071
Madhya Pradesh,Balaghat,1497968,1701698
Madhya Pradesh,Barwani,1086366,1385881
Madhya Pradesh,Betul,1395175,1575362
Madhya Pradesh,Bhind,1428559,1703005
Madhya Pradesh,Bhopal,1843510,2371061
Madhya Pradesh,Burhanpur,634883,757847
Madhya Pradesh,Chhatarpur,1474723,1762375
Madhya Pradesh,Chhindwara,1849283,2090922
Madhya Pradesh,Damoh,1083949,1264219
Madhya Pradesh,Datia,664159,786754
Madhya Pradesh,Dewas,1308223,1563715
Madhya Pradesh,Dhar,1740329,2185793
Madhya Pradesh,Dindori,580730,704524
Madhya Pradesh,Guna,977827,1241519
Madhya Pradesh,Gwalior,1632109,2032036
Madhya Pradesh,Harda,474416,570465
Madhya Pradesh,Hoshangabad,1084265,1241350
Madhya Pradesh,Indore,2465827,3276697
Madhya Pradesh,Jabalpur,2151203,2463289
Madhya Pradesh,Jhabua,784286,1025048
Madhya Pradesh,Katni,1064167,1292042
Madhya Pradesh,Khandwa (East Nimar),1078251,1310061
Madhya Pradesh,Khargone (West Nimar),1524637,1873046
Madhya Pradesh,Mandla,894236,1054905
Madhya Pradesh,Mandsaur,1183724,1340411
Madhya Pradesh,Morena,1592714,1965970
Madhya Pradesh,Narsimhapur (Narsinghpur),957646,1091854
Madhya Pradesh,Neemuch,726070,826067
Madhya Pradesh,Panna,856558,1016520
Madhya Pradesh,Raisen,1125154,1331597
Madhya Pradesh,Rajgarh,1254085,1545814
Madhya Pradesh,Ratlam,1215393,1455069
Madhya Pradesh,Rewa,1973306,2365106
Madhya Pradesh,Sagar,2021987,2378458
Madhya Pradesh,Satna,1870104,2228935
Madhya Pradesh,Sehore,1078912,1311332
Madhya Pradesh,Seoni,1166608,1379131
Madhya Pradesh,Shahdol,908148,1066063
Madhya Pradesh,Shajapur,1290685,1512681
Madhya Pradesh,Sheopur,559495,687861
Madhya Pradesh,Shivpuri,1406031,1726050
Madhya Pradesh,Sidhi,910983,1127033
Madhya Pradesh,Singrauli,920169,1178273
Madhya Pradesh,Tikamgarh,1202998,1445166
Madhya Pradesh,Ujjain,1710982,1986864
Madhya Pradesh,Umaria,515963,644758
Madhya Pradesh,Vidisha,1214857,1458875
Maharashtra,Ahmadnagar (Ahmednagar),4040642,4543159
Maharashtra,Akola,1629633,1813906
Maharashtra,Amravati,2607160,2888445
Maharashtra,Aurangabad,2902602,3701282
Maharashtra,Bhandara,1136146,1200334
Maharashtra,Bid (Beed),2161250,2585049
Maharashtra,Buldana (Buldhana),2232480,2586258
Maharashtra,Chandrapur,2071101,2204307
Maharashtra,Dhule,1707947,2050862
Maharashtra,Gadchiroli,970294,1072942
Maharashtra,Gondiya (Gondia),1200707,1322507
Maharashtra,Hingoli,987160,1177345
Maharashtra,Jalgaon,3682690,4229917
Maharashtra,Jalna,1607391,1959046
Maharashtra,Kolhapur,3523162,3876001
Maharashtra,Latur,2080285,2454196
Maharashtra,Mumbai,3338031,3085411
Maharashtra,Mumbai Suburban,8640419,9356962
Maharashtra,Nagpur,4067637,4653570
Maharashtra,Nanded,2876259,3361292
Maharashtra,Nandurbar,1311709,1648295
Maharashtra,Nashik,4993796,6107187
Maharashtra,Osmanabad,1486586,1657576
Maharashtra,Parbhani,1527715,1836086
Maharashtra,Pune,7232555,9429408
Maharashtra,Raigad,2207929,2634200
Maharashtra,Ratnagiri,1696777,1615069
Maharashtra,Sangli,2583524,2822143
Maharashtra,Satara,2808994,3003741
Maharashtra,Sindhudurg,868825,849651
Maharashtra,Solapur,3849543,4317756
Maharashtra,Thane,8131849,11060148
Maharashtra,Wardha,1236736,1300774
Maharashtra,Washim,1020822,1197160
Maharashtra,Yavatmal,2458271,2772348
Manipur,Bishnupur,208368,237399
Manipur,Chandel,118327,144182
Manipur,Churachandpur,227905,274143
Manipur,Imphal East,394876,456113
Manipur,Imphal West,444382,517992
Manipur,Senapati,283621,479148
Manipur,Tamenglong,111499,140651
Manipur,Thoubal,364140,422168
Manipur,Ukhrul,140778,183998
Meghalaya,East Garo Hills,252399,317917
Meghalaya,East Khasi Hills,660923,825922
Meghalaya,Jaintia Hills,299108,395124
Meghalaya,Ribhoi,192790,258840
Meghalaya,South Garo Hills,110244,142334
Meghalaya,West Garo Hills,507309,643291
Meghalaya,West Khasi Hills,296049,383461
Mizoram,Aizawl,325676,400309
Mizoram,Champhai,107793,125745
Mizoram,Kolasib,65960,83955
Mizoram,Lawngtlai,87592,117894
Mizoram,Lunglei,137223,161428
Mizoram,Mamit,62785,86364
Mizoram,Saiha,47084,56574
Mizoram,Serchhip,54460,64937
Nagaland,Dimapur,308429,378811
Nagaland,Kiphire,106591,74004
Nagaland,Kohima,219913,267988
Nagaland,Longleng,121581,50484
Nagaland,Mokokchung,232085,194622
Nagaland,Mon,260652,250260
Nagaland,Peren,90766,95219
Nagaland,Phek,148195,163418
Nagaland,Tuensang,186003,196596
Nagaland,Wokha,161223,166343
Nagaland,Zunheboto,154598,140757
Odisha (Orissa),Anugul (Angul),1140003,1273821
Odisha (Orissa),Balangir,1337194,1648997
Odisha (Orissa),Baleshwar (Balasore),2024508,2320529
Odisha (Orissa),Bargarh,1346336,1481255
Odisha (Orissa),Baudh (Boudh),373372,441162
Odisha (Orissa),Bhadrak,1333749,1506337
Odisha (Orissa),Cuttack,2340832,2624470
Odisha (Orissa),Debagarh,274108,312520
Odisha (Orissa),Dhenkanal,1066878,1192811
Odisha (Orissa),Gajapati,518837,577817
Odisha (Orissa),Ganjam,3160635,3529031
Odisha (Orissa),Jagatsinghapur,1057891,1136971
Odisha (Orissa),Jajapur,1624341,1827192
Odisha (Orissa),Jharsuguda,514853,579505
Odisha (Orissa),Kalahandi,1335494,1576869
Odisha (Orissa),Kandhamal,648201,733110
Odisha (Orissa),Kendrapara,1302005,1440361
Odisha (Orissa),Kendujhar,1561990,1801733
Odisha (Orissa),Khordha,1877395,2251673
Odisha (Orissa),Koraput,1180637,1379647
Odisha (Orissa),Malkangiri,504198,613192
Odisha (Orissa),Mayurbhanj,2223456,2519738
Odisha (Orissa),Nabarangapur (Nabarangpur),1025766,1220946
Odisha (Orissa),Nayagarh,864516,962789
Odisha (Orissa),Nuapada,530690,610382
Odisha (Orissa),Puri,1502682,1698730
Odisha (Orissa),Rayagada,831109,967911
Odisha (Orissa),Sambalpur,930476,1041099
Odisha (Orissa),Subarnapur,541835,610183
Odisha (Orissa),Sundargarh (Sundergarh),1830673,2093437
Puducherry (Pondicherry),Karaikal,170791,200222
Puducherry (Pondicherry),Mahe,36828,41816
Puducherry (Pondicherry),Puducherry (Pondicherry),735332,950289
Puducherry (Pondicherry),Yanam,31394,55626
Punjab,Amritsar,2157020,2490656
Punjab,Barnala,526931,595527
Punjab,Bathinda,1183295,1388525
Punjab,Faridkot,550892,617508
Punjab,Fatehgarh Sahib,538470,600163
Punjab,Firozpur,1746107,2029074
Punjab,Gurdaspur,2103455,2298323
Punjab,Hoshiarpur,1481292,1586625
Punjab,Jalandhar,1962761,2193590
Punjab,Kapurthala,754521,815168
Punjab,Ludhiana,3032831,3498739
Punjab,Mansa,688758,769751
Punjab,Moga,894793,995746
Punjab,Muktsar (Sri Muktsar Sahib),777493,901896
Punjab,Patiala,1584780,1895686
Punjab,Rupnagar,628846,684627
Punjab,Sahibzada Ajit Singh Nagar,746987,994628
Punjab,Sangrur,1473242,1655169
Punjab,Shahid Bhagat Singh Nagar,587468,612310
Punjab,Tarn Taran,939057,1119627
Rajasthan,Ajmer,2178447,2583052
Rajasthan,Alwar,2991552,3674179
Rajasthan,Banswara,1420601,1797485
Rajasthan,Baran,1021473,1222755
Rajasthan,Barmer,1964835,2603751
Rajasthan,Bharatpur,2100020,2548462
Rajasthan,Bhilwara,2020969,2408523
Rajasthan,Bikaner,1696039,2363937
Rajasthan,Bundi,962620,1110906
Rajasthan,Chittaurgarh (Chittorgarh),1330360,1544338
Rajasthan,Churu,1902110,2039547
Rajasthan,Dausa,1323002,1634409
Rajasthan,Dhaulpur (Dholpur),983258,1206516
Rajasthan,Dungarpur,1107643,1388552
Rajasthan,Ganganagar (Sri Ganganagar),1789423,1969168
Rajasthan,Hanumangarh,1518005,1774692
Rajasthan,Jaipur,5251071,6626178
Rajasthan,Jaisalmer,508247,669919
Rajasthan,Jalor (Jalore),1448940,1828730
Rajasthan,Jhalawar,1180323,1411129
Rajasthan,Jhunjhunu,1913689,2137045
Rajasthan,Jodhpur,2886505,3687165
Rajasthan,Karauli,1205888,1458248
Rajasthan,Kota,1568705,1951014
Rajasthan,Nagaur,2775058,3307743
Rajasthan,Pali,1820251,2037573
Rajasthan,Pratapgarh,706807,867848
Rajasthan,Rajsamand,982523,1156597
Rajasthan,Sawai Madhopur,1117057,1335551
Rajasthan,Sikar,2287788,2677333
Rajasthan,Sirohi,851107,1036346
Rajasthan,Tonk,1211671,1421326
Rajasthan,Udaipur,2481201,3068420
Sikkim,East District,245040,283583
Sikkim,North District,41030,43709
Sikkim,South District,131525,146850
Sikkim,West District,123256,136435
Tamil Nadu,Ariyalur,695524,754894
Tamil Nadu,Chennai,4343645,4646732
Tamil Nadu,Coimbatore,2916620,3458045
Tamil Nadu,Cuddalore,2285395,2605914
Tamil Nadu,Dharmapuri,1295182,1506843
Tamil Nadu,Dindigul,1923014,2159775
Tamil Nadu,Erode,2016582,2251744
Tamil Nadu,Kanchipuram (Kancheepuram),2877468,3998252
Tamil Nadu,Kanniyakumari (Kanyakumari),1676034,1870374
Tamil Nadu,Karur,935686,1064493
Tamil Nadu,Krishnagiri,1561118,1879809
Tamil Nadu,Madurai,2578201,3038252
Tamil Nadu,Nagapattinam,1488839,1616450
Tamil Nadu,Namakkal,1493462,1726601
Tamil Nadu,Perambalur,493646,565223
Tamil Nadu,Pudukkottai,1459601,1618345
Tamil Nadu,Ramanathapuram,1187604,1353445
Tamil Nadu,Salem,3016346,3482056
Tamil Nadu,Sivaganga,1155356,1339101
Tamil Nadu,Thanjavur,2216138,2405890
Tamil Nadu,Theni,1093950,1245899
Tamil Nadu,The Nilgiris,762141,735394
Tamil Nadu,Thiruvallur (Tiruvallur),2754756,3728104
Tamil Nadu,Thiruvarur (Tiruvarur),1169474,1264277
Tamil Nadu,Thoothukkudi,1592769,1750176
Tamil Nadu,Tiruchirappalli,2418366,2722290
Tamil Nadu,Tirunelveli,2703492,3077233
Tamil Nadu,Tiruppur,1920154,2479052
Tamil Nadu,Tiruvannamalai,2186125,2464875
Tamil Nadu,Vellore,3477317,3936331
Tamil Nadu,Viluppuram,2960373,3458873
Tamil Nadu,Virudhunagar,1751301,1942288
Telangana,Adilabad,2488003,2741239
Telangana,Hyderabad,3829753,3943323
Telangana,Karimnagar,3491822,3776269
Telangana,Khammam,2578927,2797370
Telangana,Mahbubnagar,3513934,4053028
Telangana,Medak,2670097,3033288
Telangana,Nalgonda,3247982,3488809
Telangana,Nizamabad,2345685,2551335
Telangana,Rangareddy,3575064,5296741
Telangana,Warangal,3246004,3512576
Tripura,Dhalai,310598,378230
Tripura,North Tripura,590913,693947
Tripura,South Tripura,764710,876001
Tripura,West Tripura,1532982,1725739
Uttar Pradesh,Agra,3621702,4418797
Uttar Pradesh,Aligarh,2992286,3673889
Uttar Pradesh,Allahabad,4937266,5954391
Uttar Pradesh,Ambedkar Nagar,2026876,2397888
Uttar Pradesh,Amroha (Jyotiba Phule Nagar),1499068,1840221
Uttar Pradesh,Auraiya,1179993,1379545
Uttar Pradesh,Azamgarh,3939916,4613913
Uttar Pradesh,Baghpat,1163991,1303048
Uttar Pradesh,Bahraich,2701478,3487731
Uttar Pradesh,Ballia,2760667,3239774
Uttar Pradesh,Balrampur,1682350,2148665
Uttar Pradesh,Banda,1501602,1799410
Uttar Pradesh,Bara Banki,2673581,3260699
Uttar Pradesh,Bareilly,3618589,4448359
Uttar Pradesh,Basti,2084814,2464464
Uttar Pradesh,Bijnor,3131619,3682713
Uttar Pradesh,Budaun,3069426,3681896
Uttar Pradesh,Bulandshahr,3009860,3499171
Uttar Pradesh,Chandauli,1643251,1952756
Uttar Pradesh,Chitrakoot,801957,991730
Uttar Pradesh,Deoria,2714179,3100946
Uttar Pradesh,Etah,1531645,1774480
Uttar Pradesh,Etawah,1338871,1581810
Uttar Pradesh,Faizabad,2088928,2470996
Uttar Pradesh,Farrukhabad,1570408,1885204
Uttar Pradesh,Fatehpur,2308384,2632733
Uttar Pradesh,Firozabad,2081752,2498156
Uttar Pradesh,Gautam Buddha Nagar,1105292,1648115
Uttar Pradesh,Ghaziabad,3314070,4681645
Uttar Pradesh,Ghazipur,3037582,3620268
Uttar Pradesh,Gonda,2765586,3433919
Uttar Pradesh,Gorakhpur,3769456,4440895
Uttar Pradesh,Hamirpur,993792,1104285
Uttar Pradesh,Hardoi,3398306,4092845
Uttar Pradesh,Hathras (Mahamaya Nagar),1336031,1564708
Uttar Pradesh,Jalaun,1454452,1689974
Uttar Pradesh,Jaunpur,3911679,4494204
Uttar Pradesh,Jhansi,1744931,1998603
Uttar Pradesh,Kannauj,1388923,1656616
Uttar Pradesh,Kanpur Dehat,1563336,1796184
Uttar Pradesh,Kanpur Nagar,4167999,4581268
Uttar Pradesh,Kasganj (Kanshiram Nagar),1228705,1436719
Uttar Pradesh,Kaushambi,1291993,1599596
Uttar Pradesh,Kheri (Lakhimpur Kheri),3207232,4021243
Uttar Pradesh,Kushinagar,2891667,3564544
Uttar Pradesh,Lalitpur,977734,1221592
Uttar Pradesh,Lucknow,3647834,4589838
Uttar Pradesh,Mahoba,758379,875958
Uttar Pradesh,Mahrajganj (Maharajganj),2173878,2684703
Uttar Pradesh,Mainpuri,1596718,1868529
Uttar Pradesh,Mathura,2074516,2547184
Uttar Pradesh,Mau,1854950,2205968
Uttar Pradesh,Meerut,2973877,3443689
Uttar Pradesh,Mirzapur,2074709,2496970
Uttar Pradesh,Moradabad,3810983,4772006
Uttar Pradesh,Muzaffarnagar,3543362,4143512
Uttar Pradesh,Pilibhit,1728108,2031007
Uttar Pradesh,Pratapgarh,2731174,3209141
Uttar Pradesh,Rae Bareli,2872335,3405559
Uttar Pradesh,Rampur,1923739,2335819
Uttar Pradesh,Saharanpur,2896863,3466382
Uttar Pradesh,Sant Kabir Nagar,1420226,1715183
Uttar Pradesh,Sant Ravidas Nagar (Bhadohi),1353705,1578213
Uttar Pradesh,Shahjahanpur,2464930,3006538
Uttar Pradesh,Shrawasti (Shravasti),855985,1117361
Uttar Pradesh,Siddharthnagar,2040085,2559297
Uttar Pradesh,Sitapur,3619661,4483992
Uttar Pradesh,Sonbhadra,1504852,1862559
Uttar Pradesh,Sultanpur,3214832,3797117
Uttar Pradesh,Unnao,2700324,3108367
Uttar Pradesh,Varanasi,3138671,3676841
Uttarakhand,Almora,632866,622506
Uttarakhand,Bageshwar,247163,259898
Uttarakhand,Chamoli,370359,391605
Uttarakhand,Champawat,224542,259648
Uttarakhand,Dehradun,1282143,1696694
Uttarakhand,Garhwal (Pauri Garhwal),697078,687271
Uttarakhand,Hardwar (Haridwar),1447187,1890422
Uttarakhand,Nainital,762909,954605
Uttarakhand,Pithoragarh,462289,483439
Uttarakhand,Rudraprayag,227439,242285
Uttarakhand,Tehri Garhwal,604747,618931
Uttarakhand,Udham Singh Nagar,1235614,1648902
Uttarakhand,Uttarkashi,295013,330086
West Bengal,Bankura,3192695,3596674
West Bengal,Barddhaman (Burdwan),6895514,7717563
West Bengal,Birbhum,3015422,3502404
West Bengal,Dakshin Dinajpur,1503178,1676276
West Bengal,Darjiling (Darjeeling),1609172,1846823
West Bengal,Haora (Howrah),4273099,4850029
West Bengal,Hugli (Hooghly),5041976,5519145
West Bengal,Jalpaiguri,3401173,3872846
West Bengal,Koch Bihar (Cooch Behar),2479155,2819086
West Bengal,Kolkata,4572876,4496694
West Bengal,Maldah,3290468,3988845
West Bengal,Murshidabad,5866569,7103807
West Bengal,Nadia,4604827,5167600
West Bengal,North Twenty Four Parganas,8934286,10009781
West Bengal,Paschim Medinipur,5193411,5913457
West Bengal,Purba Medinipur,4417377,5095875
West Bengal,Puruliya (Purulia),2536516,2930115
West Bengal,South Twenty Four Parganas,6906689,8161961
West Bengal,Uttar Dinajpur,2441794,3007134
